{
  "project_info": {
    "project_number": "846347502731",
    "project_id": "haaa-24a9b",
    "storage_bucket": "haaa-24a9b.appspot.com"
  },
  "client": [
    {
      "client_info": {
        "mobilesdk_app_id": "1:846347502731:android:b9a21e71f406ea1918808e",
        "android_client_info": {
          "package_name": "com.example.haaa"
        }
      },
      "oauth_client": [],
      "api_key": [
        {
          "current_key": "AIzaSyDrcQ3oQ9o9LePTIVW3QKQ5e_IXNaoVyIE"
        }
      ],
      "services": {
        "appinvite_service": {
          "other_platform_oauth_client": []
        }
      }
    }
  ],
  "configuration_version": "1"
}